id,title,content
1,Artificial Intelligence Overview,Artificial intelligence is a field of computer science that focuses on creating systems capable of performing tasks that normally require human intelligence such as learning reasoning and problem solving.
2,Machine Learning Basics,Machine learning is a subset of artificial intelligence that enables systems to learn from data and improve their performance without being explicitly programmed.
3,Deep Learning Explained,Deep learning is a specialized branch of machine learning that uses neural networks with many layers to analyze complex patterns in large datasets.
4,Future of Robotics,Robotics is advancing rapidly by integrating artificial intelligence to create autonomous machines capable of interacting with humans and performing complex tasks.
5,Data Science Introduction,Data science combines statistics programming and domain knowledge to extract useful insights from structured and unstructured data.
6,Big Data Technologies,Big data technologies are designed to process and analyze massive volumes of data efficiently using distributed computing systems.
7,Cybersecurity Fundamentals,Cybersecurity focuses on protecting computer systems networks and data from cyber attacks unauthorized access and digital threats.
8,Cloud Computing Concepts,Cloud computing provides on demand access to computing resources such as servers storage and applications over the internet.
9,Internet of Things Overview,The internet of things connects physical devices to the internet enabling them to collect exchange and analyze data automatically.
10,Software Engineering Principles,Software engineering applies systematic and disciplined approaches to the design development testing and maintenance of software systems.