name,price,rating,image
A Light in the Attic,Â£51.77,Three,data/raw/images/a_light_in_the_attic.png
Tipping the Velvet,Â£53.74,One,data/raw/images/tipping_the_velvet.png
Soumission,Â£50.10,One,data/raw/images/soumission.png
Sharp Objects,Â£47.82,Four,data/raw/images/sharp_objects.png
Sapiens: A Brief History of Humankind,Â£54.23,Five,data/raw/images/sapiens_a_brief_history_of_humankind.png
The Requiem Red,Â£22.65,One,data/raw/images/the_requiem_red.png
The Dirty Little Secrets of Getting Your Dream Job,Â£33.34,Four,data/raw/images/the_dirty_little_secrets_of_getting_your_dream_job.png
"The Coming Woman: A Novel Based on the Life of the Infamous Feminist, Victoria Woodhull",Â£17.93,Three,data/raw/images/the_coming_woman_a_novel_based_on_the_life_of_the.png
The Boys in the Boat: Nine Americans and Their Epic Quest for Gold at the 1936 Berlin Olympics,Â£22.60,Four,data/raw/images/the_boys_in_the_boat_nine_americans_and_their_epi.png
The Black Maria,Â£52.15,One,data/raw/images/the_black_maria.png
"Starving Hearts (Triangular Trade Trilogy, #1)",Â£13.99,Two,"data/raw/images/starving_hearts_(triangular_trade_trilogy,_#1).png"
Shakespeare's Sonnets,Â£20.66,Four,data/raw/images/shakespeare's_sonnets.png
Set Me Free,Â£17.46,Five,data/raw/images/set_me_free.png
Scott Pilgrim's Precious Little Life (Scott Pilgrim #1),Â£52.29,Five,data/raw/images/scott_pilgrim's_precious_little_life_(scott_pilgri.png
Rip it Up and Start Again,Â£35.02,Five,data/raw/images/rip_it_up_and_start_again.png
"Our Band Could Be Your Life: Scenes from the American Indie Underground, 1981-1991",Â£57.25,Three,data/raw/images/our_band_could_be_your_life_scenes_from_the_ameri.png
Olio,Â£23.88,One,data/raw/images/olio.png
Mesaerion: The Best Science Fiction Stories 1800-1849,Â£37.59,One,data/raw/images/mesaerion_the_best_science_fiction_stories_1800-1.png
Libertarianism for Beginners,Â£51.33,Two,data/raw/images/libertarianism_for_beginners.png
It's Only the Himalayas,Â£45.17,Two,data/raw/images/it's_only_the_himalayas.png
In Her Wake,Â£12.84,One,data/raw/images/in_her_wake.png
How Music Works,Â£37.32,Two,data/raw/images/how_music_works.png
"Foolproof Preserving: A Guide to Small Batch Jams, Jellies, Pickles, Condiments, and More: A Foolproof Guide to Making Small Batch Jams, Jellies, Pickles, Condiments, and More",Â£30.52,Three,"data/raw/images/foolproof_preserving_a_guide_to_small_batch_jams,.png"
Chase Me (Paris Nights #2),Â£25.27,Five,data/raw/images/chase_me_(paris_nights_#2).png
Black Dust,Â£34.53,Five,data/raw/images/black_dust.png
Birdsong: A Story in Pictures,Â£54.64,Three,data/raw/images/birdsong_a_story_in_pictures.png
America's Cradle of Quarterbacks: Western Pennsylvania's Football Factory from Johnny Unitas to Joe Montana,Â£22.50,Three,data/raw/images/america's_cradle_of_quarterbacks_western_pennsylv.png
Aladdin and His Wonderful Lamp,Â£53.13,Three,data/raw/images/aladdin_and_his_wonderful_lamp.png
Worlds Elsewhere: Journeys Around Shakespeareâs Globe,Â£40.30,Five,data/raw/images/worlds_elsewhere_journeys_around_shakespeareâs_.png
Wall and Piece,Â£44.18,Four,data/raw/images/wall_and_piece.png
The Four Agreements: A Practical Guide to Personal Freedom,Â£17.66,Five,data/raw/images/the_four_agreements_a_practical_guide_to_personal.png
The Five Love Languages: How to Express Heartfelt Commitment to Your Mate,Â£31.05,Three,data/raw/images/the_five_love_languages_how_to_express_heartfelt_.png
The Elephant Tree,Â£23.82,Five,data/raw/images/the_elephant_tree.png
The Bear and the Piano,Â£36.89,One,data/raw/images/the_bear_and_the_piano.png
Sophie's World,Â£15.94,Five,data/raw/images/sophie's_world.png
Penny Maybe,Â£33.29,Three,data/raw/images/penny_maybe.png
Maude (1883-1993):She Grew Up with the country,Â£18.02,Two,data/raw/images/maude_(1883-1993)she_grew_up_with_the_country.png
"In a Dark, Dark Wood",Â£19.63,One,"data/raw/images/in_a_dark,_dark_wood.png"
Behind Closed Doors,Â£52.22,Four,data/raw/images/behind_closed_doors.png
You can't bury them all: Poems,Â£33.63,Two,data/raw/images/you_can't_bury_them_all_poems.png
Slow States of Collapse: Poems,Â£57.31,Three,data/raw/images/slow_states_of_collapse_poems.png
Reasons to Stay Alive,Â£26.41,Two,data/raw/images/reasons_to_stay_alive.png
Private Paris (Private #10),Â£47.61,Five,data/raw/images/private_paris_(private_#10).png
#HigherSelfie: Wake Up Your Life. Free Your Soul. Find Your Tribe.,Â£23.11,Five,data/raw/images/#higherselfie_wake_up_your_life._free_your_soul._.png
Without Borders (Wanderlove #1),Â£45.07,Two,data/raw/images/without_borders_(wanderlove_#1).png
When We Collided,Â£31.77,One,data/raw/images/when_we_collided.png
"We Love You, Charlie Freeman",Â£50.27,Five,"data/raw/images/we_love_you,_charlie_freeman.png"
Untitled Collection: Sabbath Poems 2014,Â£14.27,Four,data/raw/images/untitled_collection_sabbath_poems_2014.png
"Unseen City: The Majesty of Pigeons, the Discreet Charm of Snails & Other Wonders of the Urban Wilderness",Â£44.18,Four,"data/raw/images/unseen_city_the_majesty_of_pigeons,_the_discreet_.png"
Unicorn Tracks,Â£18.78,Three,data/raw/images/unicorn_tracks.png
"Unbound: How Eight Technologies Made Us Human, Transformed Society, and Brought Our World to the Brink",Â£25.52,One,"data/raw/images/unbound_how_eight_technologies_made_us_human,_tra.png"
Tsubasa: WoRLD CHRoNiCLE 2 (Tsubasa WoRLD CHRoNiCLE #2),Â£16.28,One,data/raw/images/tsubasa_world_chronicle_2_(tsubasa_world_chronicl.png
Throwing Rocks at the Google Bus: How Growth Became the Enemy of Prosperity,Â£31.12,Three,data/raw/images/throwing_rocks_at_the_google_bus_how_growth_becam.png
This One Summer,Â£19.49,Four,data/raw/images/this_one_summer.png
Thirst,Â£17.27,Five,data/raw/images/thirst.png
The Torch Is Passed: A Harding Family Story,Â£19.09,One,data/raw/images/the_torch_is_passed_a_harding_family_story.png
The Secret of Dreadwillow Carse,Â£56.13,One,data/raw/images/the_secret_of_dreadwillow_carse.png
"The Pioneer Woman Cooks: Dinnertime: Comfort Classics, Freezer Food, 16-Minute Meals, and Other Delicious Ways to Solve Supper!",Â£56.41,One,data/raw/images/the_pioneer_woman_cooks_dinnertime_comfort_class.png
The Past Never Ends,Â£56.50,Four,data/raw/images/the_past_never_ends.png
The Natural History of Us (The Fine Art of Pretending #2),Â£45.22,Three,data/raw/images/the_natural_history_of_us_(the_fine_art_of_pretend.png
